company_id,year,return_on_capital_employed_pct,roce_percentage,roce_difference,remarks
ABB,Dec 2012,28.28,46.0,17.72,Difference > 5%
ABB,Mar 2014,31.09,46.0,14.91,Difference > 5%
ABB,Mar 2015,31.7,46.0,14.3,Difference > 5%
ABB,Mar 2016,29.37,46.0,16.63,Difference > 5%
ABB,Mar 2017,27.54,46.0,18.46,Difference > 5%
ABB,Mar 2018,30.06,46.0,15.940000000000001,Difference > 5%
ABB,Mar 2019,29.28,46.0,16.72,Difference > 5%
ABB,Mar 2020,26.75,46.0,19.25,Difference > 5%
ABB,Mar 2021,31.36,46.0,14.64,Difference > 5%
ABB,Mar 2022,34.19,46.0,11.810000000000002,Difference > 5%
ABB,Mar 2023,34.41,46.0,11.590000000000003,Difference > 5%
ABB,Mar 2024,36.54,46.0,9.46,Difference > 5%
ADANIENSOL,Mar 2014,0.0,9.0,9.0,Difference > 5%
ADANIENSOL,Mar 2015,0.59,9.0,8.41,Difference > 5%
ADANIENSOL,Mar 2016,12.14,9.0,3.1400000000000006,
ADANIENSOL,Mar 2017,11.86,9.0,2.8599999999999994,
ADANIENSOL,Mar 2018,13.63,9.0,4.630000000000001,
ADANIENSOL,Mar 2019,6.73,9.0,2.2699999999999996,
ADANIENSOL,Mar 2020,9.42,9.0,0.41999999999999993,
ADANIENSOL,Mar 2021,7.28,9.0,1.7199999999999998,
ADANIENSOL,Mar 2022,6.98,9.0,2.0199999999999996,
ADANIENSOL,Mar 2023,6.32,9.0,2.6799999999999997,
ADANIENSOL,Mar 2024,7.92,9.0,1.08,
ADANIENT,Mar 2013,4.1,11.6,7.5,Difference > 5%
ADANIENT,Mar 2014,6.43,11.6,5.17,Difference > 5%
ADANIENT,Mar 2015,8.17,11.6,3.4299999999999997,
ADANIENT,Mar 2016,4.21,11.6,7.39,Difference > 5%
ADANIENT,Mar 2017,4.54,11.6,7.06,Difference > 5%
ADANIENT,Mar 2018,4.2,11.6,7.3999999999999995,Difference > 5%
ADANIENT,Mar 2019,6.07,11.6,5.529999999999999,Difference > 5%
ADANIENT,Mar 2020,6.2,11.6,5.3999999999999995,Difference > 5%
ADANIENT,Mar 2021,5.9,11.6,5.699999999999999,Difference > 5%
ADANIENT,Mar 2022,3.86,11.6,7.74,Difference > 5%
ADANIENT,Mar 2023,7.4,11.6,4.199999999999999,
ADANIENT,Mar 2024,7.98,11.6,3.619999999999999,
ADANIGREEN,Mar 2017,1.26,96.5,95.24,Difference > 5%
ADANIGREEN,Mar 2018,2.68,96.5,93.82,Difference > 5%
ADANIGREEN,Mar 2019,3.55,96.5,92.95,Difference > 5%
ADANIGREEN,Mar 2020,6.13,96.5,90.37,Difference > 5%
ADANIGREEN,Mar 2021,6.65,96.5,89.85,Difference > 5%
ADANIGREEN,Mar 2022,4.8,96.5,91.7,Difference > 5%
ADANIGREEN,Mar 2023,5.96,96.5,90.54,Difference > 5%
ADANIGREEN,Mar 2024,7.25,96.5,89.25,Difference > 5%
ADANIPORTS,Mar 2013,10.88,12.9,2.0199999999999996,
ADANIPORTS,Mar 2014,10.44,12.9,2.460000000000001,
ADANIPORTS,Mar 2015,10.48,12.9,2.42,
ADANIPORTS,Mar 2016,9.8,12.9,3.0999999999999996,
ADANIPORTS,Mar 2017,10.71,12.9,2.1899999999999995,
ADANIPORTS,Mar 2018,13.79,12.9,0.8899999999999988,
ADANIPORTS,Mar 2019,10.03,12.9,2.870000000000001,
ADANIPORTS,Mar 2020,7.66,12.9,5.24,Difference > 5%
ADANIPORTS,Mar 2021,9.93,12.9,2.9700000000000006,
ADANIPORTS,Mar 2022,7.16,12.9,5.74,Difference > 5%
ADANIPORTS,Mar 2023,7.61,12.9,5.29,Difference > 5%
ADANIPORTS,Mar 2024,11.44,12.9,1.4600000000000009,
ADANIPOWER,Mar 2013,-0.72,32.2,32.92,Difference > 5%
ADANIPOWER,Mar 2014,5.24,32.2,26.96,Difference > 5%
ADANIPOWER,Mar 2015,5.67,32.2,26.53,Difference > 5%
ADANIPOWER,Mar 2016,10.19,32.2,22.010000000000005,Difference > 5%
ADANIPOWER,Mar 2017,5.96,32.2,26.240000000000002,Difference > 5%
ADANIPOWER,Mar 2018,5.09,32.2,27.110000000000003,Difference > 5%
ADANIPOWER,Mar 2019,4.08,32.2,28.120000000000005,Difference > 5%
ADANIPOWER,Mar 2020,4.42,32.2,27.78,Difference > 5%
ADANIPOWER,Mar 2021,8.36,32.2,23.840000000000003,Difference > 5%
ADANIPOWER,Mar 2022,10.0,32.2,22.200000000000003,Difference > 5%
ADANIPOWER,Mar 2023,9.4,32.2,22.800000000000004,Difference > 5%
ADANIPOWER,Mar 2024,18.39,32.2,13.810000000000002,Difference > 5%
AMBUJACEM,Dec 2012,21.5,12.8,8.7,Difference > 5%
AMBUJACEM,Dec 2013,12.36,12.8,0.4400000000000013,
AMBUJACEM,Dec 2014,14.06,12.8,1.2599999999999998,
AMBUJACEM,Dec 2015,8.85,12.8,3.950000000000001,
AMBUJACEM,Dec 2016,8.66,12.8,4.140000000000001,
AMBUJACEM,Dec 2017,12.75,12.8,0.05000000000000071,
AMBUJACEM,Dec 2018,12.75,12.8,0.05000000000000071,
AMBUJACEM,Dec 2019,14.28,12.8,1.4799999999999986,
AMBUJACEM,Dec 2020,16.55,12.8,3.75,
AMBUJACEM,Dec 2021,19.58,12.8,6.779999999999998,Difference > 5%
AMBUJACEM,Mar 2024,11.33,12.8,1.4700000000000006,
APOLLOHOSP,Mar 2013,11.87,17.2,5.33,Difference > 5%
APOLLOHOSP,Mar 2014,11.76,17.2,5.4399999999999995,Difference > 5%
APOLLOHOSP,Mar 2015,10.17,17.2,7.029999999999999,Difference > 5%
APOLLOHOSP,Mar 2016,6.81,17.2,10.39,Difference > 5%
APOLLOHOSP,Mar 2017,6.52,17.2,10.68,Difference > 5%
APOLLOHOSP,Mar 2018,6.62,17.2,10.579999999999998,Difference > 5%
APOLLOHOSP,Mar 2019,9.62,17.2,7.58,Difference > 5%
APOLLOHOSP,Mar 2020,14.0,17.2,3.1999999999999993,
APOLLOHOSP,Mar 2021,6.47,17.2,10.73,Difference > 5%
APOLLOHOSP,Mar 2022,16.39,17.2,0.8099999999999987,
APOLLOHOSP,Mar 2023,13.77,17.2,3.4299999999999997,
APOLLOHOSP,Mar 2024,13.91,17.2,3.289999999999999,
ASIANPAINT,Mar 2013,43.52,41.75,1.7700000000000031,
ASIANPAINT,Mar 2014,41.0,41.75,0.75,
ASIANPAINT,Mar 2015,38.31,41.75,3.4399999999999977,
ASIANPAINT,Mar 2016,35.76,41.75,5.990000000000002,Difference > 5%
ASIANPAINT,Mar 2017,32.57,41.75,9.18,Difference > 5%
ASIANPAINT,Mar 2018,31.8,41.75,9.95,Difference > 5%
ASIANPAINT,Mar 2019,29.13,41.75,12.620000000000001,Difference > 5%
ASIANPAINT,Mar 2020,30.02,41.75,11.73,Difference > 5%
ASIANPAINT,Mar 2021,29.25,41.75,12.5,Difference > 5%
ASIANPAINT,Mar 2022,25.9,41.75,15.850000000000001,Difference > 5%
ASIANPAINT,Mar 2023,30.14,41.75,11.61,Difference > 5%
ASIANPAINT,Mar 2024,31.75,41.75,10.0,Difference > 5%
ATGL,Mar 2018,12.92,21.2,8.28,Difference > 5%
ATGL,Mar 2019,25.94,21.2,4.740000000000002,
ATGL,Mar 2020,28.65,21.2,7.449999999999999,Difference > 5%
ATGL,Mar 2021,26.03,21.2,4.830000000000002,
ATGL,Mar 2022,19.99,21.2,1.2100000000000009,
ATGL,Mar 2023,17.35,21.2,3.849999999999998,
ATGL,Mar 2024,18.42,21.2,2.7799999999999976,
BAJAJ-AUTO,Mar 2013,42.64,33.5,9.14,Difference > 5%
BAJAJ-AUTO,Mar 2014,38.94,33.5,5.439999999999998,Difference > 5%
BAJAJ-AUTO,Mar 2015,34.45,33.5,0.9500000000000028,
BAJAJ-AUTO,Mar 2016,31.73,33.5,1.7699999999999996,
BAJAJ-AUTO,Mar 2017,22.93,33.5,10.57,Difference > 5%
BAJAJ-AUTO,Mar 2018,22.05,33.5,11.45,Difference > 5%
BAJAJ-AUTO,Mar 2019,21.11,33.5,12.39,Difference > 5%
BAJAJ-AUTO,Mar 2020,22.32,33.5,11.18,Difference > 5%
BAJAJ-AUTO,Mar 2021,17.08,33.5,16.42,Difference > 5%
BAJAJ-AUTO,Mar 2022,16.64,33.5,16.86,Difference > 5%
BAJAJ-AUTO,Mar 2023,20.96,33.5,12.54,Difference > 5%
BAJAJ-AUTO,Mar 2024,27.21,33.5,6.289999999999999,Difference > 5%
AXISBANK,Mar 2013,,7.06,,Bank/NBFC
AXISBANK,Mar 2014,,7.06,,Bank/NBFC
AXISBANK,Mar 2015,,7.06,,Bank/NBFC
AXISBANK,Mar 2016,,7.06,,Bank/NBFC
AXISBANK,Mar 2017,,7.06,,Bank/NBFC
AXISBANK,Mar 2018,,7.06,,Bank/NBFC
AXISBANK,Mar 2019,,7.06,,Bank/NBFC
AXISBANK,Mar 2020,,7.06,,Bank/NBFC
AXISBANK,Mar 2021,,7.06,,Bank/NBFC
AXISBANK,Mar 2022,,7.06,,Bank/NBFC
AXISBANK,Mar 2023,,7.06,,Bank/NBFC
AXISBANK,Mar 2024,,7.06,,Bank/NBFC
BAJAJFINSV,Mar 2013,18.8,21.14,2.34,
BAJAJFINSV,Mar 2014,15.48,21.14,5.66,Difference > 5%
BAJAJFINSV,Mar 2015,14.63,21.14,6.51,Difference > 5%
BAJAJFINSV,Mar 2016,13.45,21.14,7.690000000000001,Difference > 5%
BAJAJFINSV,Mar 2017,13.41,21.14,7.73,Difference > 5%
BAJAJFINSV,Mar 2018,12.33,21.14,8.81,Difference > 5%
BAJAJFINSV,Mar 2019,11.99,21.14,9.15,Difference > 5%
BAJAJFINSV,Mar 2020,11.23,21.14,9.91,Difference > 5%
BAJAJFINSV,Mar 2021,11.65,21.14,9.49,Difference > 5%
BAJAJFINSV,Mar 2022,10.37,21.14,10.770000000000001,Difference > 5%
BAJAJFINSV,Mar 2023,11.28,21.14,9.860000000000001,Difference > 5%
BAJAJFINSV,Mar 2024,11.45,21.14,9.690000000000001,Difference > 5%
BAJAJHLDNG,Mar 2013,3.09,13.1,10.01,Difference > 5%
BAJAJHLDNG,Mar 2014,3.29,13.1,9.809999999999999,Difference > 5%
BAJAJHLDNG,Mar 2015,3.57,13.1,9.53,Difference > 5%
BAJAJHLDNG,Mar 2016,2.77,13.1,10.33,Difference > 5%
BAJAJHLDNG,Mar 2017,3.5,13.1,9.6,Difference > 5%
BAJAJHLDNG,Mar 2018,1.39,13.1,11.709999999999999,Difference > 5%
BAJAJHLDNG,Mar 2019,1.27,13.1,11.83,Difference > 5%
BAJAJHLDNG,Mar 2020,0.96,13.1,12.14,Difference > 5%
BAJAJHLDNG,Mar 2021,0.85,13.1,12.25,Difference > 5%
BAJAJHLDNG,Mar 2022,0.78,13.1,12.32,Difference > 5%
BAJAJHLDNG,Mar 2023,0.78,13.1,12.32,Difference > 5%
BAJAJHLDNG,Mar 2024,2.81,13.1,10.29,Difference > 5%
BAJFINANCE,Mar 2015,,11.9,,Bank/NBFC
BAJFINANCE,Mar 2016,,11.9,,Bank/NBFC
BAJFINANCE,Mar 2017,,11.9,,Bank/NBFC
BAJFINANCE,Mar 2018,,11.9,,Bank/NBFC
BAJFINANCE,Mar 2019,,11.9,,Bank/NBFC
BAJFINANCE,Mar 2020,,11.9,,Bank/NBFC
BAJFINANCE,Mar 2021,,11.9,,Bank/NBFC
BAJFINANCE,Mar 2022,,11.9,,Bank/NBFC
BAJFINANCE,Mar 2023,,11.9,,Bank/NBFC
BAJFINANCE,Mar 2024,,11.9,,Bank/NBFC
BANKBARODA,Mar 2013,,6.33,,Bank/NBFC
BANKBARODA,Mar 2014,,6.33,,Bank/NBFC
BANKBARODA,Mar 2015,,6.33,,Bank/NBFC
BANKBARODA,Mar 2016,,6.33,,Bank/NBFC
BANKBARODA,Mar 2017,,6.33,,Bank/NBFC
BANKBARODA,Mar 2018,,6.33,,Bank/NBFC
BANKBARODA,Mar 2019,,6.33,,Bank/NBFC
BANKBARODA,Mar 2020,,6.33,,Bank/NBFC
BANKBARODA,Mar 2021,,6.33,,Bank/NBFC
BANKBARODA,Mar 2022,,6.33,,Bank/NBFC
BANKBARODA,Mar 2023,,6.33,,Bank/NBFC
BANKBARODA,Mar 2024,,6.33,,Bank/NBFC
BHARTIARTL,Mar 2013,6.96,13.1,6.14,Difference > 5%
BHARTIARTL,Mar 2014,8.01,13.1,5.09,Difference > 5%
BHARTIARTL,Mar 2015,11.16,13.1,1.9399999999999995,
BHARTIARTL,Mar 2016,9.88,13.1,3.219999999999999,
BHARTIARTL,Mar 2017,8.9,13.1,4.199999999999999,
BHARTIARTL,Mar 2018,5.99,13.1,7.109999999999999,Difference > 5%
BHARTIARTL,Mar 2019,2.24,13.1,10.86,Difference > 5%
BHARTIARTL,Mar 2020,3.96,13.1,9.14,Difference > 5%
BHARTIARTL,Mar 2021,7.16,13.1,5.9399999999999995,Difference > 5%
BHARTIARTL,Mar 2022,10.35,13.1,2.75,
BHARTIARTL,Mar 2023,11.48,13.1,1.6199999999999992,
BHARTIARTL,Mar 2024,13.0,13.1,0.09999999999999964,
BEL,Mar 2013,1776.67,34.6,1742.0700000000002,Difference > 5%
BEL,Mar 2014,2767.86,34.6,2733.26,Difference > 5%
BEL,Mar 2015,3069.7,34.6,3035.1,Difference > 5%
BEL,Mar 2016,3245.95,34.6,3211.35,Difference > 5%
BEL,Mar 2017,3590.91,34.6,3556.31,Difference > 5%
BEL,Mar 2018,2236.71,34.6,2202.11,Difference > 5%
BEL,Mar 2019,2678.12,34.6,2643.52,Difference > 5%
BEL,Mar 2020,2411.11,34.6,2376.51,Difference > 5%
BEL,Mar 2021,2617.59,34.6,2582.9900000000002,Difference > 5%
BEL,Mar 2022,2317.32,34.6,2282.7200000000003,Difference > 5%
BEL,Mar 2023,3211.4,34.6,3176.8,Difference > 5%
BEL,Mar 2024,3628.35,34.6,3593.75,Difference > 5%
BHEL,Mar 2013,25.64,3.28,22.36,Difference > 5%
BHEL,Mar 2014,9.49,3.28,6.210000000000001,Difference > 5%
BHEL,Mar 2015,2.93,3.28,0.34999999999999964,
BHEL,Mar 2016,-7.05,3.28,10.33,Difference > 5%
BHEL,Mar 2017,0.75,3.28,2.53,
BHEL,Mar 2018,2.67,3.28,0.6099999999999999,
BHEL,Mar 2019,4.64,3.28,1.3599999999999999,
BHEL,Mar 2020,-1.89,3.28,5.17,Difference > 5%
BHEL,Mar 2021,-11.39,3.28,14.67,Difference > 5%
BHEL,Mar 2022,1.64,3.28,1.64,
BHEL,Mar 2023,2.63,3.28,0.6499999999999999,
BHEL,Mar 2024,1.39,3.28,1.89,
BOSCHLTD,Dec 2012,16.94,20.6,3.66,
BOSCHLTD,Dec 2013,13.97,20.6,6.630000000000001,Difference > 5%
BOSCHLTD,Mar 2015,19.21,20.6,1.3900000000000006,
BOSCHLTD,Mar 2016,15.57,20.6,5.030000000000001,Difference > 5%
BOSCHLTD,Mar 2017,17.13,20.6,3.4700000000000024,
BOSCHLTD,Mar 2018,16.29,20.6,4.310000000000002,
BOSCHLTD,Mar 2019,19.2,20.6,1.4000000000000021,
BOSCHLTD,Mar 2020,11.77,20.6,8.830000000000002,Difference > 5%
BOSCHLTD,Mar 2021,8.32,20.6,12.280000000000001,Difference > 5%
BOSCHLTD,Mar 2022,10.58,20.6,10.020000000000001,Difference > 5%
BOSCHLTD,Mar 2023,12.87,20.6,7.730000000000002,Difference > 5%
BOSCHLTD,Mar 2024,13.76,20.6,6.840000000000002,Difference > 5%
BPCL,Mar 2013,8.5,32.1,23.6,Difference > 5%
BPCL,Mar 2014,12.94,32.1,19.160000000000004,Difference > 5%
BPCL,Mar 2015,14.05,32.1,18.05,Difference > 5%
BPCL,Mar 2016,21.29,32.1,10.810000000000002,Difference > 5%
BPCL,Mar 2017,17.54,32.1,14.560000000000002,Difference > 5%
BPCL,Mar 2018,16.74,32.1,15.360000000000003,Difference > 5%
BPCL,Mar 2019,13.99,32.1,18.11,Difference > 5%
BPCL,Mar 2020,4.8,32.1,27.3,Difference > 5%
BPCL,Mar 2021,15.42,32.1,16.68,Difference > 5%
BPCL,Mar 2022,11.77,32.1,20.330000000000002,Difference > 5%
BPCL,Mar 2023,3.69,32.1,28.41,Difference > 5%
BPCL,Mar 2024,28.65,32.1,3.450000000000003,
BRITANNIA,Mar 2013,37.1,48.9,11.799999999999997,Difference > 5%
BRITANNIA,Mar 2014,57.38,48.9,8.480000000000004,Difference > 5%
BRITANNIA,Mar 2015,52.23,48.9,3.3299999999999983,
BRITANNIA,Mar 2016,49.98,48.9,1.0799999999999983,
BRITANNIA,Mar 2017,41.08,48.9,7.82,Difference > 5%
BRITANNIA,Mar 2018,37.68,48.9,11.219999999999999,Difference > 5%
BRITANNIA,Mar 2019,35.61,48.9,13.29,Difference > 5%
BRITANNIA,Mar 2020,27.91,48.9,20.99,Difference > 5%
BRITANNIA,Mar 2021,40.76,48.9,8.14,Difference > 5%
BRITANNIA,Mar 2022,39.69,48.9,9.21,Difference > 5%
BRITANNIA,Mar 2023,39.89,48.9,9.009999999999998,Difference > 5%
BRITANNIA,Mar 2024,47.74,48.9,1.1599999999999966,
CANBK,Mar 2013,,6.63,,Bank/NBFC
CANBK,Mar 2014,,6.63,,Bank/NBFC
CANBK,Mar 2015,,6.63,,Bank/NBFC
CANBK,Mar 2016,,6.63,,Bank/NBFC
CANBK,Mar 2017,,6.63,,Bank/NBFC
CANBK,Mar 2018,,6.63,,Bank/NBFC
CANBK,Mar 2019,,6.63,,Bank/NBFC
CANBK,Mar 2020,,6.63,,Bank/NBFC
CANBK,Mar 2021,,6.63,,Bank/NBFC
CANBK,Mar 2022,,6.63,,Bank/NBFC
CANBK,Mar 2023,,6.63,,Bank/NBFC
CANBK,Mar 2024,,6.63,,Bank/NBFC
CHOLAFIN,Mar 2013,,10.4,,Bank/NBFC
CHOLAFIN,Mar 2014,,10.4,,Bank/NBFC
CHOLAFIN,Mar 2015,,10.4,,Bank/NBFC
CHOLAFIN,Mar 2016,,10.4,,Bank/NBFC
CHOLAFIN,Mar 2017,,10.4,,Bank/NBFC
CHOLAFIN,Mar 2018,,10.4,,Bank/NBFC
CHOLAFIN,Mar 2019,,10.4,,Bank/NBFC
CHOLAFIN,Mar 2020,,10.4,,Bank/NBFC
CHOLAFIN,Mar 2021,,10.4,,Bank/NBFC
CHOLAFIN,Mar 2022,,10.4,,Bank/NBFC
CHOLAFIN,Mar 2023,,10.4,,Bank/NBFC
CHOLAFIN,Mar 2024,,10.4,,Bank/NBFC
CIPLA,Mar 2013,57.43,22.8,34.629999999999995,Difference > 5%
CIPLA,Mar 2014,67.73,22.8,44.93000000000001,Difference > 5%
CIPLA,Mar 2015,69.4,22.8,46.60000000000001,Difference > 5%
CIPLA,Mar 2016,63.14,22.8,40.34,Difference > 5%
CIPLA,Mar 2017,63.49,22.8,40.69,Difference > 5%
CIPLA,Mar 2018,60.05,22.8,37.25,Difference > 5%
CIPLA,Mar 2019,61.77,22.8,38.97,Difference > 5%
CIPLA,Mar 2020,68.63,22.8,45.83,Difference > 5%
CIPLA,Mar 2021,68.04,22.8,45.24000000000001,Difference > 5%
CIPLA,Mar 2022,73.8,22.8,51.0,Difference > 5%
CIPLA,Mar 2023,68.38,22.8,45.58,Difference > 5%
CIPLA,Mar 2024,67.6,22.8,44.8,Difference > 5%
COALINDIA,Mar 2013,97.24,63.6,33.63999999999999,Difference > 5%
COALINDIA,Mar 2014,119.41,63.6,55.809999999999995,Difference > 5%
COALINDIA,Mar 2015,133.6,63.6,70.0,Difference > 5%
COALINDIA,Mar 2016,156.31,63.6,92.71000000000001,Difference > 5%
COALINDIA,Mar 2017,228.13,63.6,164.53,Difference > 5%
COALINDIA,Mar 2018,335.66,63.6,272.06,Difference > 5%
COALINDIA,Mar 2019,248.14,63.6,184.54,Difference > 5%
COALINDIA,Mar 2020,184.11,63.6,120.51000000000002,Difference > 5%
COALINDIA,Mar 2021,159.62,63.6,96.02000000000001,Difference > 5%
COALINDIA,Mar 2022,172.68,63.6,109.08000000000001,Difference > 5%
COALINDIA,Mar 2023,133.78,63.6,70.18,Difference > 5%
COALINDIA,Mar 2024,98.17,63.6,34.57,Difference > 5%
DABUR,Mar 2013,27.94,22.3,5.640000000000001,Difference > 5%
DABUR,Mar 2014,31.66,22.3,9.36,Difference > 5%
DABUR,Mar 2015,29.48,22.3,7.18,Difference > 5%
DABUR,Mar 2016,27.83,22.3,5.529999999999998,Difference > 5%
DABUR,Mar 2017,23.51,22.3,1.2100000000000009,
DABUR,Mar 2018,21.9,22.3,0.40000000000000213,
DABUR,Mar 2019,24.69,22.3,2.3900000000000006,
DABUR,Mar 2020,22.05,22.3,0.25,
DABUR,Mar 2021,21.56,22.3,0.740000000000002,
DABUR,Mar 2022,21.24,22.3,1.0600000000000023,
DABUR,Mar 2023,18.24,22.3,4.060000000000002,
DABUR,Mar 2024,17.82,22.3,4.48,
DIVISLAB,Mar 2013,29.16,16.5,12.66,Difference > 5%
DIVISLAB,Mar 2014,31.05,16.5,14.55,Difference > 5%
DIVISLAB,Mar 2015,29.44,16.5,12.940000000000001,Difference > 5%
DIVISLAB,Mar 2016,30.1,16.5,13.600000000000001,Difference > 5%
DIVISLAB,Mar 2017,24.61,16.5,8.11,Difference > 5%
DIVISLAB,Mar 2018,18.82,16.5,2.3200000000000003,
DIVISLAB,Mar 2019,24.14,16.5,7.640000000000001,Difference > 5%
DIVISLAB,Mar 2020,22.32,16.5,5.82,Difference > 5%
DIVISLAB,Mar 2021,28.08,16.5,11.579999999999998,Difference > 5%
DIVISLAB,Mar 2022,30.46,16.5,13.96,Difference > 5%
DIVISLAB,Mar 2023,15.87,16.5,0.6300000000000008,
DIVISLAB,Mar 2024,13.5,16.5,3.0,
DLF,Mar 2013,3.51,5.74,2.2300000000000004,
DLF,Mar 2014,3.55,5.74,2.1900000000000004,
DLF,Mar 2015,4.76,5.74,0.9800000000000004,
DLF,Mar 2016,6.49,5.74,0.75,
DLF,Mar 2017,5.34,5.74,0.40000000000000036,
DLF,Mar 2018,3.49,5.74,2.25,
DLF,Mar 2019,3.79,5.74,1.9500000000000002,
DLF,Mar 2020,2.22,5.74,3.52,
DLF,Mar 2021,3.1,5.74,2.64,
DLF,Mar 2022,3.93,5.74,1.81,
DLF,Mar 2023,3.84,5.74,1.9000000000000004,
DLF,Mar 2024,4.46,5.74,1.2800000000000002,
DMART,Mar 2013,12.85,19.4,6.549999999999999,Difference > 5%
DMART,Mar 2014,17.78,19.4,1.6199999999999974,
DMART,Mar 2015,17.78,19.4,1.6199999999999974,
DMART,Mar 2016,20.86,19.4,1.4600000000000009,
DMART,Mar 2017,15.75,19.4,3.6499999999999986,
DMART,Mar 2018,23.38,19.4,3.9800000000000004,
DMART,Mar 2019,22.6,19.4,3.200000000000003,
DMART,Mar 2020,15.37,19.4,4.029999999999999,
DMART,Mar 2021,10.58,19.4,8.819999999999999,Difference > 5%
DMART,Mar 2022,13.99,19.4,5.409999999999998,Difference > 5%
DMART,Mar 2023,17.94,19.4,1.4599999999999973,
DMART,Mar 2024,17.5,19.4,1.8999999999999986,
DRREDDY,Mar 2013,21.08,26.5,5.420000000000002,Difference > 5%
DRREDDY,Mar 2014,21.09,26.5,5.41,Difference > 5%
DRREDDY,Mar 2015,19.4,26.5,7.100000000000001,Difference > 5%
DRREDDY,Mar 2016,16.62,26.5,9.879999999999999,Difference > 5%
DRREDDY,Mar 2017,8.41,26.5,18.09,Difference > 5%
DRREDDY,Mar 2018,7.22,26.5,19.28,Difference > 5%
DRREDDY,Mar 2019,11.44,26.5,15.06,Difference > 5%
DRREDDY,Mar 2020,7.38,26.5,19.12,Difference > 5%
DRREDDY,Mar 2021,12.8,26.5,13.7,Difference > 5%
DRREDDY,Mar 2022,11.52,26.5,14.98,Difference > 5%
DRREDDY,Mar 2023,21.19,26.5,5.309999999999999,Difference > 5%
DRREDDY,Mar 2024,21.36,26.5,5.140000000000001,Difference > 5%
EICHERMOT,Dec 2012,26.32,31.1,4.780000000000001,
EICHERMOT,Dec 2013,27.35,31.1,3.75,
EICHERMOT,Dec 2014,34.89,31.1,3.789999999999999,
EICHERMOT,Mar 2016,42.25,31.1,11.149999999999999,Difference > 5%
EICHERMOT,Mar 2017,37.02,31.1,5.920000000000002,Difference > 5%
EICHERMOT,Mar 2018,36.01,31.1,4.909999999999997,
EICHERMOT,Mar 2019,28.6,31.1,2.5,
EICHERMOT,Mar 2020,17.61,31.1,13.490000000000002,Difference > 5%
EICHERMOT,Mar 2021,11.43,31.1,19.67,Difference > 5%
EICHERMOT,Mar 2022,13.57,31.1,17.53,Difference > 5%
EICHERMOT,Mar 2023,19.11,31.1,11.990000000000002,Difference > 5%
EICHERMOT,Mar 2024,20.21,31.1,10.89,Difference > 5%
GAIL,Mar 2013,13.49,14.7,1.209999999999999,
GAIL,Mar 2014,12.44,14.7,2.26,
GAIL,Mar 2015,8.02,14.7,6.68,Difference > 5%
GAIL,Mar 2016,6.69,14.7,8.009999999999998,Difference > 5%
GAIL,Mar 2017,9.77,14.7,4.93,
GAIL,Mar 2018,13.77,14.7,0.9299999999999997,
GAIL,Mar 2019,17.15,14.7,2.4499999999999993,
GAIL,Mar 2020,12.36,14.7,2.34,
GAIL,Mar 2021,8.31,14.7,6.389999999999999,Difference > 5%
GAIL,Mar 2022,17.37,14.7,2.6700000000000017,
GAIL,Mar 2023,5.8,14.7,8.899999999999999,Difference > 5%
GAIL,Mar 2024,10.77,14.7,3.9299999999999997,
GODREJCP,Mar 2013,15.91,26.49,10.579999999999998,Difference > 5%
GODREJCP,Mar 2014,17.68,26.49,8.809999999999999,Difference > 5%
GODREJCP,Mar 2015,18.33,26.49,8.16,Difference > 5%
GODREJCP,Mar 2016,21.74,26.49,4.75,
GODREJCP,Mar 2017,18.97,26.49,7.52,Difference > 5%
GODREJCP,Mar 2018,19.74,26.49,6.75,Difference > 5%
GODREJCP,Mar 2019,18.42,26.49,8.069999999999997,Difference > 5%
GODREJCP,Mar 2020,17.06,26.49,9.43,Difference > 5%
GODREJCP,Mar 2021,19.42,26.49,7.069999999999997,Difference > 5%
GODREJCP,Mar 2022,16.58,26.49,9.91,Difference > 5%
GODREJCP,Mar 2023,14.79,26.49,11.7,Difference > 5%
GODREJCP,Mar 2024,17.17,26.49,9.319999999999997,Difference > 5%
GRASIM,Mar 2013,16.0,9.3,6.699999999999999,Difference > 5%
GRASIM,Mar 2014,11.05,9.3,1.75,
GRASIM,Mar 2015,10.21,9.3,0.9100000000000001,
GRASIM,Mar 2016,10.21,9.3,0.9100000000000001,
GRASIM,Mar 2017,13.74,9.3,4.4399999999999995,
GRASIM,Mar 2018,7.14,9.3,2.160000000000001,
GRASIM,Mar 2019,9.17,9.3,0.13000000000000078,
GRASIM,Mar 2020,4.5,9.3,4.800000000000001,
GRASIM,Mar 2021,10.1,9.3,0.7999999999999989,
GRASIM,Mar 2022,10.81,9.3,1.5099999999999998,
GRASIM,Mar 2023,9.37,9.3,0.06999999999999851,
GRASIM,Mar 2024,9.83,9.3,0.5299999999999994,
HAL,Mar 2016,1170.29,38.9,1131.3899999999999,Difference > 5%
HAL,Mar 2017,1892.59,38.9,1853.6899999999998,Difference > 5%
HAL,Mar 2018,1889.47,38.9,1850.57,Difference > 5%
HAL,Mar 2019,2514.18,38.9,2475.2799999999997,Difference > 5%
HAL,Mar 2020,2772.86,38.9,2733.96,Difference > 5%
HAL,Mar 2021,2789.33,38.9,2750.43,Difference > 5%
HAL,Mar 2022,2612.12,38.9,2573.22,Difference > 5%
HAL,Mar 2023,2180.8,38.9,2141.9,Difference > 5%
HAL,Mar 2024,2590.99,38.9,2552.0899999999997,Difference > 5%
HAVELLS,Mar 2013,23.27,24.4,1.129999999999999,
HAVELLS,Mar 2014,24.3,24.4,0.09999999999999787,
HAVELLS,Mar 2015,27.48,24.4,3.080000000000002,
HAVELLS,Mar 2016,20.94,24.4,3.4599999999999973,
HAVELLS,Mar 2017,19.92,24.4,4.479999999999997,
HAVELLS,Mar 2018,23.22,24.4,1.1799999999999997,
HAVELLS,Mar 2019,24.23,24.4,0.16999999999999815,
HAVELLS,Mar 2020,19.37,24.4,5.029999999999998,Difference > 5%
HAVELLS,Mar 2021,23.52,24.4,0.879999999999999,
HAVELLS,Mar 2022,22.87,24.4,1.5299999999999976,
HAVELLS,Mar 2023,19.35,24.4,5.049999999999997,Difference > 5%
HAVELLS,Mar 2024,19.91,24.4,4.489999999999998,
HCLTECH,Jun 2013,35.49,29.6,5.890000000000001,Difference > 5%
HCLTECH,Jun 2014,35.75,29.6,6.149999999999999,Difference > 5%
HCLTECH,Jun 2015,32.49,29.6,2.8900000000000006,
HCLTECH,Mar 2017,28.52,29.6,1.0800000000000018,
HCLTECH,Mar 2018,26.7,29.6,2.900000000000002,
HCLTECH,Mar 2019,26.02,29.6,3.580000000000002,
HCLTECH,Mar 2020,23.45,29.6,6.150000000000002,Difference > 5%
HCLTECH,Mar 2021,23.12,29.6,6.48,Difference > 5%
HCLTECH,Mar 2022,23.74,29.6,5.860000000000003,Difference > 5%
HCLTECH,Mar 2023,26.33,29.6,3.270000000000003,
HCLTECH,Mar 2024,27.05,29.6,2.5500000000000007,
HDFCBANK,Mar 2013,,7.67,,Bank/NBFC
HDFCBANK,Mar 2014,,7.67,,Bank/NBFC
HDFCBANK,Mar 2015,,7.67,,Bank/NBFC
HDFCBANK,Mar 2016,,7.67,,Bank/NBFC
HDFCBANK,Mar 2017,,7.67,,Bank/NBFC
HDFCBANK,Mar 2018,,7.67,,Bank/NBFC
HDFCBANK,Mar 2019,,7.67,,Bank/NBFC
HDFCBANK,Mar 2020,,7.67,,Bank/NBFC
HDFCBANK,Mar 2021,,7.67,,Bank/NBFC
HDFCBANK,Mar 2022,,7.67,,Bank/NBFC
HDFCBANK,Mar 2023,,7.67,,Bank/NBFC
HDFCBANK,Mar 2024,,7.67,,Bank/NBFC
HDFCLIFE,Mar 2013,,6.61,,Bank/NBFC
HDFCLIFE,Mar 2014,,6.61,,Bank/NBFC
HDFCLIFE,Mar 2015,,6.61,,Bank/NBFC
HDFCLIFE,Mar 2016,,6.61,,Bank/NBFC
HDFCLIFE,Mar 2017,,6.61,,Bank/NBFC
HDFCLIFE,Mar 2018,,6.61,,Bank/NBFC
HDFCLIFE,Mar 2019,,6.61,,Bank/NBFC
HDFCLIFE,Mar 2020,,6.61,,Bank/NBFC
HDFCLIFE,Mar 2021,,6.61,,Bank/NBFC
HDFCLIFE,Mar 2022,,6.61,,Bank/NBFC
HDFCLIFE,Mar 2023,,6.61,,Bank/NBFC
HDFCLIFE,Mar 2024,,6.61,,Bank/NBFC
HEROMOTOCO,Mar 2014,348.99,29.1,319.89,Difference > 5%
HEROMOTOCO,Mar 2015,353.58,29.1,324.47999999999996,Difference > 5%
HEROMOTOCO,Mar 2016,260.2,29.1,231.1,Difference > 5%
HEROMOTOCO,Mar 2017,222.4,29.1,193.3,Difference > 5%
HEROMOTOCO,Mar 2018,217.61,29.1,188.51000000000002,Difference > 5%
HEROMOTOCO,Mar 2019,210.85,29.1,181.75,Difference > 5%
HEROMOTOCO,Mar 2020,163.79,29.1,134.69,Difference > 5%
HEROMOTOCO,Mar 2021,163.67,29.1,134.57,Difference > 5%
HEROMOTOCO,Mar 2022,155.63,29.1,126.53,Difference > 5%
HEROMOTOCO,Mar 2023,170.48,29.1,141.38,Difference > 5%
HEROMOTOCO,Mar 2024,173.71,29.1,144.61,Difference > 5%
HINDALCO,Mar 2013,75.5,11.3,64.2,Difference > 5%
HINDALCO,Mar 2014,72.44,11.3,61.14,Difference > 5%
HINDALCO,Mar 2015,86.09,11.3,74.79,Difference > 5%
HINDALCO,Mar 2016,80.1,11.3,68.8,Difference > 5%
HINDALCO,Mar 2017,75.91,11.3,64.61,Difference > 5%
HINDALCO,Mar 2018,90.7,11.3,79.4,Difference > 5%
HINDALCO,Mar 2019,100.31,11.3,89.01,Difference > 5%
HINDALCO,Mar 2020,77.93,11.3,66.63000000000001,Difference > 5%
HINDALCO,Mar 2021,80.62,11.3,69.32000000000001,Difference > 5%
HINDALCO,Mar 2022,112.13,11.3,100.83,Difference > 5%
HINDALCO,Mar 2023,124.73,11.3,113.43,Difference > 5%
HINDALCO,Mar 2024,113.58,11.3,102.28,Difference > 5%
HINDUNILVR,Mar 2013,779.69,27.2,752.49,Difference > 5%
HINDUNILVR,Mar 2014,674.83,27.2,647.63,Difference > 5%
HINDUNILVR,Mar 2015,644.67,27.2,617.4699999999999,Difference > 5%
HINDUNILVR,Mar 2016,384.04,27.2,356.84000000000003,Difference > 5%
HINDUNILVR,Mar 2017,376.04,27.2,348.84000000000003,Difference > 5%
HINDUNILVR,Mar 2018,378.05,27.2,350.85,Difference > 5%
HINDUNILVR,Mar 2019,374.91,27.2,347.71000000000004,Difference > 5%
HINDUNILVR,Mar 2020,351.44,27.2,324.24,Difference > 5%
HINDUNILVR,Mar 2021,72.01,27.2,44.81,Difference > 5%
HINDUNILVR,Mar 2022,76.84,27.2,49.64,Difference > 5%
HINDUNILVR,Mar 2023,87.91,27.2,60.709999999999994,Difference > 5%
HINDUNILVR,Mar 2024,87.32,27.2,60.11999999999999,Difference > 5%
ICICIBANK,Mar 2013,,7.6,,Bank/NBFC
ICICIBANK,Mar 2014,,7.6,,Bank/NBFC
ICICIBANK,Mar 2015,,7.6,,Bank/NBFC
ICICIBANK,Mar 2016,,7.6,,Bank/NBFC
ICICIBANK,Mar 2017,,7.6,,Bank/NBFC
ICICIBANK,Mar 2018,,7.6,,Bank/NBFC
ICICIBANK,Mar 2019,,7.6,,Bank/NBFC
ICICIBANK,Mar 2020,,7.6,,Bank/NBFC
ICICIBANK,Mar 2021,,7.6,,Bank/NBFC
ICICIBANK,Mar 2022,,7.6,,Bank/NBFC
ICICIBANK,Mar 2023,,7.6,,Bank/NBFC
ICICIBANK,Mar 2024,,7.6,,Bank/NBFC
ICICIGI,Mar 2013,,22.5,,Bank/NBFC
ICICIGI,Mar 2014,,22.5,,Bank/NBFC
ICICIGI,Mar 2015,,22.5,,Bank/NBFC
ICICIGI,Mar 2016,,22.5,,Bank/NBFC
ICICIGI,Mar 2017,,22.5,,Bank/NBFC
ICICIGI,Mar 2018,,22.5,,Bank/NBFC
ICICIGI,Mar 2019,,22.5,,Bank/NBFC
ICICIGI,Mar 2020,,22.5,,Bank/NBFC
ICICIGI,Mar 2021,,22.5,,Bank/NBFC
ICICIGI,Mar 2022,,22.5,,Bank/NBFC
ICICIGI,Mar 2023,,22.5,,Bank/NBFC
ICICIGI,Mar 2024,,22.5,,Bank/NBFC
ICICIPRULI,Mar 2013,,8.75,,Bank/NBFC
ICICIPRULI,Mar 2014,,8.75,,Bank/NBFC
ICICIPRULI,Mar 2015,,8.75,,Bank/NBFC
ICICIPRULI,Mar 2016,,8.75,,Bank/NBFC
ICICIPRULI,Mar 2017,,8.75,,Bank/NBFC
ICICIPRULI,Mar 2018,,8.75,,Bank/NBFC
ICICIPRULI,Mar 2019,,8.75,,Bank/NBFC
ICICIPRULI,Mar 2020,,8.75,,Bank/NBFC
ICICIPRULI,Mar 2021,,8.75,,Bank/NBFC
ICICIPRULI,Mar 2022,,8.75,,Bank/NBFC
ICICIPRULI,Mar 2023,,8.75,,Bank/NBFC
ICICIPRULI,Mar 2024,,8.75,,Bank/NBFC
INDUSINDBK,Mar 2013,,7.93,,Bank/NBFC
INDUSINDBK,Mar 2014,,7.93,,Bank/NBFC
INDUSINDBK,Mar 2015,,7.93,,Bank/NBFC
INDUSINDBK,Mar 2016,,7.93,,Bank/NBFC
INDUSINDBK,Mar 2017,,7.93,,Bank/NBFC
INDUSINDBK,Mar 2018,,7.93,,Bank/NBFC
INDUSINDBK,Mar 2019,,7.93,,Bank/NBFC
INDUSINDBK,Mar 2020,,7.93,,Bank/NBFC
INDUSINDBK,Mar 2021,,7.93,,Bank/NBFC
INDUSINDBK,Mar 2022,,7.93,,Bank/NBFC
INDUSINDBK,Mar 2023,,7.93,,Bank/NBFC
INDUSINDBK,Mar 2024,,7.93,,Bank/NBFC
INFY,Mar 2013,27.48,40.0,12.52,Difference > 5%
INFY,Mar 2014,27.11,40.0,12.89,Difference > 5%
INFY,Mar 2015,27.33,40.0,12.670000000000002,Difference > 5%
INFY,Mar 2016,25.3,40.0,14.7,Difference > 5%
INFY,Mar 2017,24.5,40.0,15.5,Difference > 5%
INFY,Mar 2018,26.12,40.0,13.879999999999999,Difference > 5%
INFY,Mar 2019,27.96,40.0,12.04,Difference > 5%
INFY,Mar 2020,27.64,40.0,12.36,Difference > 5%
INFY,Mar 2021,30.15,40.0,9.850000000000001,Difference > 5%
INFY,Mar 2022,34.66,40.0,5.340000000000003,Difference > 5%
INFY,Mar 2023,36.92,40.0,3.0799999999999983,
INFY,Mar 2024,32.91,40.0,7.090000000000003,Difference > 5%
IOC,Mar 2013,5.35,21.31,15.959999999999999,Difference > 5%
IOC,Mar 2014,6.67,21.31,14.639999999999999,Difference > 5%
IOC,Mar 2015,4.01,21.31,17.299999999999997,Difference > 5%
IOC,Mar 2016,11.0,21.31,10.309999999999999,Difference > 5%
IOC,Mar 2017,16.53,21.31,4.779999999999998,
IOC,Mar 2018,18.94,21.31,2.3699999999999974,
IOC,Mar 2019,12.79,21.31,8.52,Difference > 5%
IOC,Mar 2020,2.57,21.31,18.74,Difference > 5%
IOC,Mar 2021,12.69,21.31,8.62,Difference > 5%
IOC,Mar 2022,13.33,21.31,7.979999999999999,Difference > 5%
IOC,Mar 2023,6.06,21.31,15.25,Difference > 5%
IOC,Mar 2024,18.92,21.31,2.389999999999997,
IRCTC,Mar 2015,29.73,53.8,24.069999999999997,Difference > 5%
IRCTC,Mar 2016,31.18,53.8,22.619999999999997,Difference > 5%
IRCTC,Mar 2017,37.1,53.8,16.699999999999996,Difference > 5%
IRCTC,Mar 2018,26.18,53.8,27.619999999999997,Difference > 5%
IRCTC,Mar 2019,33.05,53.8,20.75,Difference > 5%
IRCTC,Mar 2020,50.46,53.8,3.3399999999999963,
IRCTC,Mar 2021,9.25,53.8,44.55,Difference > 5%
IRCTC,Mar 2022,41.77,53.8,12.029999999999994,Difference > 5%
IRCTC,Mar 2023,47.7,53.8,6.099999999999994,Difference > 5%
IRCTC,Mar 2024,42.83,53.8,10.969999999999999,Difference > 5%
IRFC,Mar 2013,,5.73,,Bank/NBFC
IRFC,Mar 2014,,5.73,,Bank/NBFC
IRFC,Mar 2015,,5.73,,Bank/NBFC
IRFC,Mar 2016,,5.73,,Bank/NBFC
IRFC,Mar 2017,,5.73,,Bank/NBFC
IRFC,Mar 2018,,5.73,,Bank/NBFC
IRFC,Mar 2019,,5.73,,Bank/NBFC
IRFC,Mar 2020,,5.73,,Bank/NBFC
IRFC,Mar 2021,,5.73,,Bank/NBFC
IRFC,Mar 2022,,5.73,,Bank/NBFC
IRFC,Mar 2023,,5.73,,Bank/NBFC
IRFC,Mar 2024,,5.73,,Bank/NBFC
ITC,Mar 2013,44.55,34.76,9.79,Difference > 5%
ITC,Mar 2014,44.09,34.76,9.330000000000005,Difference > 5%
ITC,Mar 2015,41.32,34.76,6.560000000000002,Difference > 5%
ITC,Mar 2016,31.46,34.76,3.299999999999997,
ITC,Mar 2017,30.82,34.76,3.9399999999999977,
ITC,Mar 2018,29.09,34.76,5.669999999999998,Difference > 5%
ITC,Mar 2019,28.98,34.76,5.779999999999998,Difference > 5%
ITC,Mar 2020,27.0,34.76,7.759999999999998,Difference > 5%
ITC,Mar 2021,25.44,34.76,9.319999999999997,Difference > 5%
ITC,Mar 2022,30.13,34.76,4.629999999999999,
ITC,Mar 2023,34.4,34.76,0.35999999999999943,
ITC,Mar 2024,32.64,34.76,2.1199999999999974,
JINDALSTEL,Mar 2013,9.96,13.2,3.2399999999999984,
JINDALSTEL,Mar 2014,6.73,13.2,6.469999999999999,Difference > 5%
JINDALSTEL,Mar 2015,4.1,13.2,9.1,Difference > 5%
JINDALSTEL,Mar 2016,-0.8,13.2,14.0,Difference > 5%
JINDALSTEL,Mar 2017,1.0,13.2,12.2,Difference > 5%
JINDALSTEL,Mar 2018,3.53,13.2,9.67,Difference > 5%
JINDALSTEL,Mar 2019,4.09,13.2,9.11,Difference > 5%
JINDALSTEL,Mar 2020,4.93,13.2,8.27,Difference > 5%
JINDALSTEL,Mar 2021,13.8,13.2,0.6000000000000014,
JINDALSTEL,Mar 2022,27.31,13.2,14.11,Difference > 5%
JINDALSTEL,Mar 2023,14.01,13.2,0.8100000000000005,
JINDALSTEL,Mar 2024,12.14,13.2,1.0599999999999987,
JIOFIN,Mar 2023,,2.16,,Bank/NBFC
JIOFIN,Mar 2024,,2.16,,Bank/NBFC
JSWENERGY,Mar 2013,12.9,8.59,4.3100000000000005,
JSWENERGY,Mar 2014,14.66,8.59,6.07,Difference > 5%
JSWENERGY,Mar 2015,16.86,8.59,8.27,Difference > 5%
JSWENERGY,Mar 2016,12.92,8.59,4.33,
JSWENERGY,Mar 2017,9.53,8.59,0.9399999999999995,
JSWENERGY,Mar 2018,7.6,8.59,0.9900000000000002,
JSWENERGY,Mar 2019,7.56,8.59,1.0300000000000002,
JSWENERGY,Mar 2020,5.67,8.59,2.92,
JSWENERGY,Mar 2021,7.63,8.59,0.96,
JSWENERGY,Mar 2022,9.26,8.59,0.6699999999999999,
JSWENERGY,Mar 2023,4.84,8.59,3.75,
JSWENERGY,Mar 2024,7.15,8.59,1.4399999999999995,
JSWSTEEL,Mar 2013,11.05,13.36,2.3099999999999987,
JSWSTEEL,Mar 2014,10.56,13.36,2.799999999999999,
JSWSTEEL,Mar 2015,9.71,13.36,3.6499999999999986,
JSWSTEEL,Mar 2016,5.07,13.36,8.29,Difference > 5%
JSWSTEEL,Mar 2017,13.46,13.36,0.10000000000000142,
JSWSTEEL,Mar 2018,17.11,13.36,3.75,
JSWSTEEL,Mar 2019,18.12,13.36,4.760000000000002,
JSWSTEEL,Mar 2020,7.72,13.36,5.64,Difference > 5%
JSWSTEEL,Mar 2021,14.2,13.36,0.8399999999999999,
JSWSTEEL,Mar 2022,23.73,13.36,10.370000000000001,Difference > 5%
JSWSTEEL,Mar 2023,7.5,13.36,5.859999999999999,Difference > 5%
JSWSTEEL,Mar 2024,12.06,13.36,1.299999999999999,
KOTAKBANK,Mar 2013,,7.86,,Bank/NBFC
KOTAKBANK,Mar 2014,,7.86,,Bank/NBFC
KOTAKBANK,Mar 2015,,7.86,,Bank/NBFC
KOTAKBANK,Mar 2016,,7.86,,Bank/NBFC
KOTAKBANK,Mar 2017,,7.86,,Bank/NBFC
KOTAKBANK,Mar 2018,,7.86,,Bank/NBFC
KOTAKBANK,Mar 2019,,7.86,,Bank/NBFC
KOTAKBANK,Mar 2020,,7.86,,Bank/NBFC
KOTAKBANK,Mar 2021,,7.86,,Bank/NBFC
KOTAKBANK,Mar 2022,,7.86,,Bank/NBFC
KOTAKBANK,Mar 2023,,7.86,,Bank/NBFC
KOTAKBANK,Mar 2024,,7.86,,Bank/NBFC
LICI,Mar 2019,,63.79,,Bank/NBFC
LICI,Mar 2020,,63.79,,Bank/NBFC
LICI,Mar 2021,,63.79,,Bank/NBFC
LICI,Mar 2022,,63.79,,Bank/NBFC
LICI,Mar 2023,,63.79,,Bank/NBFC
LICI,Mar 2024,,63.79,,Bank/NBFC
LODHA,Mar 2011,7.78,11.1,3.3199999999999994,
LODHA,Mar 2012,12.76,11.1,1.6600000000000001,
LODHA,Mar 2015,8.84,11.1,2.26,
LODHA,Mar 2016,9.41,11.1,1.6899999999999995,
LODHA,Mar 2017,5.71,11.1,5.39,Difference > 5%
LODHA,Mar 2018,4.63,11.1,6.47,Difference > 5%
LODHA,Mar 2019,10.12,11.1,0.9800000000000004,
LODHA,Mar 2020,7.07,11.1,4.029999999999999,
LODHA,Mar 2021,5.75,11.1,5.35,Difference > 5%
LODHA,Mar 2022,8.93,11.1,2.17,
LODHA,Mar 2023,9.07,11.1,2.0299999999999994,
LODHA,Mar 2024,9.78,11.1,1.3200000000000003,
LT,Mar 2013,620.28,17.18,603.1,Difference > 5%
LT,Mar 2014,734.88,17.18,717.7,Difference > 5%
LT,Mar 2015,582.04,17.18,564.86,Difference > 5%
LT,Mar 2016,628.39,17.18,611.21,Difference > 5%
LT,Mar 2017,453.24,17.18,436.06,Difference > 5%
LT,Mar 2018,463.42,17.18,446.24,Difference > 5%
LT,Mar 2019,428.02,17.18,410.84,Difference > 5%
LT,Mar 2020,349.76,17.18,332.58,Difference > 5%
LT,Mar 2021,253.72,17.18,236.54,Difference > 5%
LT,Mar 2022,146.89,17.18,129.70999999999998,Difference > 5%
LT,Mar 2023,130.5,17.18,113.32,Difference > 5%
LT,Mar 2024,118.53,17.18,101.35,Difference > 5%
LTIM,Mar 2013,47.49,34.1,13.39,Difference > 5%
LTIM,Mar 2014,59.13,34.1,25.03,Difference > 5%
LTIM,Mar 2015,37.75,34.1,3.6499999999999986,
LTIM,Mar 2016,39.17,34.1,5.07,Difference > 5%
LTIM,Mar 2017,33.46,34.1,0.6400000000000006,
LTIM,Mar 2018,26.71,34.1,7.390000000000001,Difference > 5%
LTIM,Mar 2019,35.48,34.1,1.3799999999999955,
LTIM,Mar 2020,27.8,34.1,6.300000000000001,Difference > 5%
LTIM,Mar 2021,29.54,34.1,4.560000000000002,
LTIM,Mar 2022,31.98,34.1,2.120000000000001,
LTIM,Mar 2023,29.7,34.1,4.400000000000002,
LTIM,Mar 2024,25.21,34.1,8.89,Difference > 5%
M&M,Mar 2013,14.46,26.98,12.52,Difference > 5%
M&M,Mar 2014,13.68,26.98,13.3,Difference > 5%
M&M,Mar 2015,10.46,26.98,16.52,Difference > 5%
M&M,Mar 2016,11.23,26.98,15.75,Difference > 5%
M&M,Mar 2017,10.09,26.98,16.89,Difference > 5%
M&M,Mar 2018,10.73,26.98,16.25,Difference > 5%
M&M,Mar 2019,10.12,26.98,16.86,Difference > 5%
M&M,Mar 2020,5.56,26.98,21.42,Difference > 5%
M&M,Mar 2021,6.64,26.98,20.34,Difference > 5%
M&M,Mar 2022,8.96,26.98,18.02,Difference > 5%
M&M,Mar 2023,10.72,26.98,16.259999999999998,Difference > 5%
M&M,Mar 2024,11.54,26.98,15.440000000000001,Difference > 5%
MARUTI,Mar 2013,12.0,23.67,11.670000000000002,Difference > 5%
MARUTI,Mar 2014,13.59,23.67,10.080000000000002,Difference > 5%
MARUTI,Mar 2015,17.52,23.67,6.150000000000002,Difference > 5%
MARUTI,Mar 2016,20.11,23.67,3.5600000000000023,
MARUTI,Mar 2017,20.81,23.67,2.860000000000003,
MARUTI,Mar 2018,21.93,23.67,1.740000000000002,
MARUTI,Mar 2019,17.0,23.67,6.670000000000002,Difference > 5%
MARUTI,Mar 2020,7.72,23.67,15.950000000000003,Difference > 5%
MARUTI,Mar 2021,4.48,23.67,19.19,Difference > 5%
MARUTI,Mar 2022,5.31,23.67,18.360000000000003,Difference > 5%
MARUTI,Mar 2023,10.91,23.67,12.760000000000002,Difference > 5%
MARUTI,Mar 2024,15.59,23.67,8.080000000000002,Difference > 5%
MOTHERSON,Mar 2013,10.65,13.7,3.049999999999999,
MOTHERSON,Mar 2014,20.26,13.7,6.560000000000002,Difference > 5%
MOTHERSON,Mar 2015,22.74,13.7,9.04,Difference > 5%
MOTHERSON,Mar 2016,23.51,13.7,9.810000000000002,Difference > 5%
MOTHERSON,Mar 2017,16.71,13.7,3.0100000000000016,
MOTHERSON,Mar 2018,17.54,13.7,3.84,
MOTHERSON,Mar 2019,14.62,13.7,0.9199999999999999,
MOTHERSON,Mar 2020,7.92,13.7,5.779999999999999,Difference > 5%
MOTHERSON,Mar 2021,5.9,13.7,7.799999999999999,Difference > 5%
MOTHERSON,Mar 2022,5.06,13.7,8.64,Difference > 5%
MOTHERSON,Mar 2023,8.59,13.7,5.109999999999999,Difference > 5%
MOTHERSON,Mar 2024,11.96,13.7,1.7399999999999984,
NAUKRI,Mar 2013,17.9,3.65,14.249999999999998,Difference > 5%
NAUKRI,Mar 2014,11.29,3.65,7.639999999999999,Difference > 5%
NAUKRI,Mar 2015,-1.84,3.65,5.49,Difference > 5%
NAUKRI,Mar 2016,4.34,3.65,0.69,
NAUKRI,Mar 2017,-2.64,3.65,6.29,Difference > 5%
NAUKRI,Mar 2018,9.24,3.65,5.59,Difference > 5%
NAUKRI,Mar 2019,-0.51,3.65,4.16,
NAUKRI,Mar 2020,-17.52,3.65,21.169999999999998,Difference > 5%
NAUKRI,Mar 2021,0.53,3.65,3.12,
NAUKRI,Mar 2022,2.16,3.65,1.4899999999999998,
NAUKRI,Mar 2023,2.04,3.65,1.6099999999999999,
NAUKRI,Mar 2024,2.0,3.65,1.65,
NESTLEIND,Dec 2013,45.49,185.43,139.94,Difference > 5%
NESTLEIND,Dec 2014,59.54,185.43,125.89000000000001,Difference > 5%
NESTLEIND,Dec 2015,42.61,185.43,142.82,Difference > 5%
NESTLEIND,Dec 2016,45.13,185.43,140.3,Difference > 5%
NESTLEIND,Dec 2017,50.8,185.43,134.63,Difference > 5%
NESTLEIND,Dec 2018,61.54,185.43,123.89000000000001,Difference > 5%
NESTLEIND,Dec 2019,121.31,185.43,64.12,Difference > 5%
NESTLEIND,Dec 2020,130.75,185.43,54.68000000000001,Difference > 5%
NESTLEIND,Dec 2021,143.35,185.43,42.08000000000001,Difference > 5%
NESTLEIND,Dec 2022,120.99,185.43,64.44000000000001,Difference > 5%
NESTLEIND,Dec 2023,148.06,185.43,37.370000000000005,Difference > 5%
NESTLEIND,Mar 2024,143.15,185.43,42.28,Difference > 5%
NHPC,Mar 2013,5.81,7.67,1.8600000000000003,
NHPC,Mar 2014,5.79,7.67,1.88,
NHPC,Mar 2015,6.66,7.67,1.0099999999999998,
NHPC,Mar 2016,6.5,7.67,1.17,
NHPC,Mar 2017,7.09,7.67,0.5800000000000001,
NHPC,Mar 2018,5.71,7.67,1.96,
NHPC,Mar 2019,6.66,7.67,1.0099999999999998,
NHPC,Mar 2020,7.02,7.67,0.6500000000000004,
NHPC,Mar 2021,7.06,7.67,0.6100000000000003,
NHPC,Mar 2022,4.63,7.67,3.04,
NHPC,Mar 2023,7.47,7.67,0.20000000000000018,
NHPC,Mar 2024,5.08,7.67,2.59,
NTPC,Mar 2013,9.45,10.58,1.1300000000000008,
NTPC,Mar 2014,8.86,10.58,1.7200000000000006,
NTPC,Mar 2015,6.39,10.58,4.19,
NTPC,Mar 2016,6.7,10.58,3.88,
NTPC,Mar 2017,7.37,10.58,3.21,
NTPC,Mar 2018,6.43,10.58,4.15,
NTPC,Mar 2019,4.94,10.58,5.64,Difference > 5%
NTPC,Mar 2020,6.6,10.58,3.9800000000000004,
NTPC,Mar 2021,6.43,10.58,4.15,
NTPC,Mar 2022,7.68,10.58,2.9000000000000004,
NTPC,Mar 2023,8.87,10.58,1.7100000000000009,
NTPC,Mar 2024,8.86,10.58,1.7200000000000006,
ONGC,Mar 2013,18.32,19.71,1.3900000000000006,
ONGC,Mar 2014,14.85,19.71,4.860000000000001,
ONGC,Mar 2015,10.36,19.71,9.350000000000001,Difference > 5%
ONGC,Mar 2016,9.35,19.71,10.360000000000001,Difference > 5%
ONGC,Mar 2017,11.91,19.71,7.800000000000001,Difference > 5%
ONGC,Mar 2018,10.88,19.71,8.83,Difference > 5%
ONGC,Mar 2019,15.74,19.71,3.9700000000000006,
ONGC,Mar 2020,7.61,19.71,12.100000000000001,Difference > 5%
ONGC,Mar 2021,6.76,19.71,12.950000000000001,Difference > 5%
ONGC,Mar 2022,13.89,19.71,5.82,Difference > 5%
ONGC,Mar 2023,12.05,19.71,7.66,Difference > 5%
ONGC,Mar 2024,15.11,19.71,4.600000000000001,
PFC,Mar 2013,,9.96,,Bank/NBFC
PFC,Mar 2014,,9.96,,Bank/NBFC
PFC,Mar 2015,,9.96,,Bank/NBFC
PFC,Mar 2016,,9.96,,Bank/NBFC
PFC,Mar 2017,,9.96,,Bank/NBFC
PFC,Mar 2018,,9.96,,Bank/NBFC
PFC,Mar 2019,,9.96,,Bank/NBFC
PFC,Mar 2020,,9.96,,Bank/NBFC
PFC,Mar 2021,,9.96,,Bank/NBFC
PFC,Mar 2022,,9.96,,Bank/NBFC
PFC,Mar 2023,,9.96,,Bank/NBFC
PFC,Mar 2024,,9.96,,Bank/NBFC
PIDILITIND,Mar 2013,27.75,29.7,1.9499999999999993,
PIDILITIND,Mar 2014,29.58,29.7,0.120000000000001,
PIDILITIND,Mar 2015,28.05,29.7,1.6499999999999986,
PIDILITIND,Mar 2016,39.48,29.7,9.779999999999998,Difference > 5%
PIDILITIND,Mar 2017,32.14,29.7,2.4400000000000013,
PIDILITIND,Mar 2018,33.01,29.7,3.3099999999999987,
PIDILITIND,Mar 2019,29.05,29.7,0.6499999999999986,
PIDILITIND,Mar 2020,29.64,29.7,0.05999999999999872,
PIDILITIND,Mar 2021,25.07,29.7,4.629999999999999,
PIDILITIND,Mar 2022,23.7,29.7,6.0,Difference > 5%
PIDILITIND,Mar 2023,22.57,29.7,7.129999999999999,Difference > 5%
PIDILITIND,Mar 2024,26.93,29.7,2.7699999999999996,
PNB,Mar 2013,,1.63,,Bank/NBFC
PNB,Mar 2014,,1.63,,Bank/NBFC
PNB,Mar 2015,,1.63,,Bank/NBFC
PNB,Mar 2016,,1.63,,Bank/NBFC
PNB,Mar 2017,,1.63,,Bank/NBFC
PNB,Mar 2018,,1.63,,Bank/NBFC
PNB,Mar 2019,,1.63,,Bank/NBFC
PNB,Mar 2020,,1.63,,Bank/NBFC
PNB,Mar 2021,,1.63,,Bank/NBFC
PNB,Mar 2022,,1.63,,Bank/NBFC
PNB,Mar 2023,,1.63,,Bank/NBFC
PNB,Mar 2024,,1.63,,Bank/NBFC
POWERGRID,Mar 2013,7.75,13.2,5.449999999999999,Difference > 5%
POWERGRID,Mar 2014,7.47,13.2,5.7299999999999995,Difference > 5%
POWERGRID,Mar 2015,7.24,13.2,5.959999999999999,Difference > 5%
POWERGRID,Mar 2016,7.87,13.2,5.329999999999999,Difference > 5%
POWERGRID,Mar 2017,8.72,13.2,4.479999999999999,
POWERGRID,Mar 2018,9.0,13.2,4.199999999999999,
POWERGRID,Mar 2019,7.97,13.2,5.2299999999999995,Difference > 5%
POWERGRID,Mar 2020,9.99,13.2,3.209999999999999,
POWERGRID,Mar 2021,10.73,13.2,2.469999999999999,
POWERGRID,Mar 2022,10.88,13.2,2.3199999999999985,
POWERGRID,Mar 2023,12.4,13.2,0.7999999999999989,
POWERGRID,Mar 2024,12.69,13.2,0.5099999999999998,
RECLTD,Mar 2013,10.59,10.0,0.5899999999999999,
RECLTD,Mar 2014,11.32,10.0,1.3200000000000003,
RECLTD,Mar 2015,11.01,10.0,1.0099999999999998,
RECLTD,Mar 2016,11.32,10.0,1.3200000000000003,
RECLTD,Mar 2017,11.12,10.0,1.1199999999999992,
RECLTD,Mar 2018,8.13,10.0,1.8699999999999992,
RECLTD,Mar 2019,8.5,10.0,1.5,
RECLTD,Mar 2020,8.07,10.0,1.9299999999999997,
RECLTD,Mar 2021,8.64,10.0,1.3599999999999994,
RECLTD,Mar 2022,8.96,10.0,1.0399999999999991,
RECLTD,Mar 2023,8.57,10.0,1.4299999999999997,
RECLTD,Mar 2024,9.29,10.0,0.7100000000000009,
RELIANCE,Mar 2013,7.58,9.61,2.0299999999999994,
RELIANCE,Mar 2014,7.03,9.61,2.579999999999999,
RELIANCE,Mar 2015,6.7,9.61,2.9099999999999993,
RELIANCE,Mar 2016,7.09,9.61,2.5199999999999996,
RELIANCE,Mar 2017,7.2,9.61,2.4099999999999993,
RELIANCE,Mar 2018,8.93,9.61,0.6799999999999997,
RELIANCE,Mar 2019,9.11,9.61,0.5,
RELIANCE,Mar 2020,8.34,9.61,1.2699999999999996,
RELIANCE,Mar 2021,5.54,9.61,4.069999999999999,
RELIANCE,Mar 2022,7.17,9.61,2.4399999999999995,
RELIANCE,Mar 2023,8.74,9.61,0.8699999999999992,
RELIANCE,Mar 2024,8.92,9.61,0.6899999999999995,
SBILIFE,Mar 2013,,13.2,,Bank/NBFC
SBILIFE,Mar 2014,,13.2,,Bank/NBFC
SBILIFE,Mar 2015,,13.2,,Bank/NBFC
SBILIFE,Mar 2016,,13.2,,Bank/NBFC
SBILIFE,Mar 2017,,13.2,,Bank/NBFC
SBILIFE,Mar 2018,,13.2,,Bank/NBFC
SBILIFE,Mar 2019,,13.2,,Bank/NBFC
SBILIFE,Mar 2020,,13.2,,Bank/NBFC
SBILIFE,Mar 2021,,13.2,,Bank/NBFC
SBILIFE,Mar 2022,,13.2,,Bank/NBFC
SBILIFE,Mar 2023,,13.2,,Bank/NBFC
SBILIFE,Mar 2024,,13.2,,Bank/NBFC
SHREECEM,Jun 2013,21.92,14.8,7.120000000000001,Difference > 5%
SHREECEM,Jun 2014,14.21,14.8,0.5899999999999999,
SHREECEM,Jun 2015,6.77,14.8,8.030000000000001,Difference > 5%
SHREECEM,Mar 2017,14.44,14.8,0.3600000000000012,
SHREECEM,Mar 2018,12.8,14.8,2.0,
SHREECEM,Mar 2019,10.62,14.8,4.1800000000000015,
SHREECEM,Mar 2020,12.03,14.8,2.7700000000000014,
SHREECEM,Mar 2021,16.05,14.8,1.25,
SHREECEM,Mar 2022,13.09,14.8,1.7100000000000009,
SHREECEM,Mar 2023,6.08,14.8,8.72,Difference > 5%
SHREECEM,Mar 2024,11.72,14.8,3.08,
SHRIRAMFIN,Mar 2013,,11.3,,Bank/NBFC
SHRIRAMFIN,Mar 2014,,11.3,,Bank/NBFC
SHRIRAMFIN,Mar 2015,,11.3,,Bank/NBFC
SHRIRAMFIN,Mar 2016,,11.3,,Bank/NBFC
SHRIRAMFIN,Mar 2017,,11.3,,Bank/NBFC
SHRIRAMFIN,Mar 2018,,11.3,,Bank/NBFC
SHRIRAMFIN,Mar 2019,,11.3,,Bank/NBFC
SHRIRAMFIN,Mar 2020,,11.3,,Bank/NBFC
SHRIRAMFIN,Mar 2021,,11.3,,Bank/NBFC
SHRIRAMFIN,Mar 2022,,11.3,,Bank/NBFC
SHRIRAMFIN,Mar 2023,,11.3,,Bank/NBFC
SHRIRAMFIN,Mar 2024,,11.3,,Bank/NBFC
SIEMENS,Sep 2011,26.65,25.6,1.0499999999999972,
SIEMENS,Sep 2014,-2.51,25.6,28.11,Difference > 5%
SIEMENS,Sep 2015,15.05,25.6,10.55,Difference > 5%
SIEMENS,Sep 2016,11.61,25.6,13.990000000000002,Difference > 5%
SIEMENS,Sep 2017,11.16,25.6,14.440000000000001,Difference > 5%
SIEMENS,Sep 2018,13.6,25.6,12.000000000000002,Difference > 5%
SIEMENS,Sep 2019,14.27,25.6,11.330000000000002,Difference > 5%
SIEMENS,Sep 2020,7.91,25.6,17.69,Difference > 5%
SIEMENS,Sep 2021,11.16,25.6,14.440000000000001,Difference > 5%
SIEMENS,Sep 2022,13.09,25.6,12.510000000000002,Difference > 5%
SIEMENS,Sep 2023,16.33,25.6,9.270000000000003,Difference > 5%
SIEMENS,Sep 2024,17.74,25.6,7.860000000000003,Difference > 5%
SUNPHARMA,Mar 2013,29.17,17.3,11.870000000000001,Difference > 5%
SUNPHARMA,Mar 2014,31.27,17.3,13.969999999999999,Difference > 5%
SUNPHARMA,Mar 2015,19.34,17.3,2.039999999999999,
SUNPHARMA,Mar 2016,17.2,17.3,0.10000000000000142,
SUNPHARMA,Mar 2017,19.02,17.3,1.7199999999999989,
SUNPHARMA,Mar 2018,8.48,17.3,8.82,Difference > 5%
SUNPHARMA,Mar 2019,8.91,17.3,8.39,Difference > 5%
SUNPHARMA,Mar 2020,9.2,17.3,8.100000000000001,Difference > 5%
SUNPHARMA,Mar 2021,12.7,17.3,4.600000000000001,
SUNPHARMA,Mar 2022,16.46,17.3,0.8399999999999999,
SUNPHARMA,Mar 2023,14.51,17.3,2.790000000000001,
SUNPHARMA,Mar 2024,15.63,17.3,1.67,
TATACONSUM,Mar 2013,10.73,10.6,0.13000000000000078,
TATACONSUM,Mar 2014,8.55,10.6,2.049999999999999,
TATACONSUM,Mar 2015,9.67,10.6,0.9299999999999997,
TATACONSUM,Mar 2016,3.28,10.6,7.32,Difference > 5%
TATACONSUM,Mar 2017,9.43,10.6,1.17,
TATACONSUM,Mar 2018,8.93,10.6,1.67,
TATACONSUM,Mar 2019,7.82,10.6,2.7799999999999994,
TATACONSUM,Mar 2020,6.82,10.6,3.7799999999999994,
TATACONSUM,Mar 2021,7.97,10.6,2.63,
TATACONSUM,Mar 2022,8.7,10.6,1.9000000000000004,
TATACONSUM,Mar 2023,8.68,10.6,1.92,
TATACONSUM,Mar 2024,9.76,10.6,0.8399999999999999,
TATAMOTORS,Mar 2013,18.6,20.1,1.5,
TATAMOTORS,Mar 2014,18.83,20.1,1.2700000000000031,
TATAMOTORS,Mar 2015,19.9,20.1,0.20000000000000284,
TATAMOTORS,Mar 2016,14.62,20.1,5.480000000000002,Difference > 5%
TATAMOTORS,Mar 2017,8.55,20.1,11.55,Difference > 5%
TATAMOTORS,Mar 2018,5.37,20.1,14.73,Difference > 5%
TATAMOTORS,Mar 2019,0.65,20.1,19.450000000000003,Difference > 5%
TATAMOTORS,Mar 2020,-1.83,20.1,21.93,Difference > 5%
TATAMOTORS,Mar 2021,4.43,20.1,15.670000000000002,Difference > 5%
TATAMOTORS,Mar 2022,-0.06,20.1,20.16,Difference > 5%
TATAMOTORS,Mar 2023,3.88,20.1,16.220000000000002,Difference > 5%
TATAMOTORS,Mar 2024,16.79,20.1,3.3100000000000023,
TATAPOWER,Mar 2013,7.06,11.1,4.04,
TATAPOWER,Mar 2014,7.96,11.1,3.1399999999999997,
TATAPOWER,Mar 2015,7.51,11.1,3.59,
TATAPOWER,Mar 2016,0.9,11.1,10.2,Difference > 5%
TATAPOWER,Mar 2017,5.67,11.1,5.43,Difference > 5%
TATAPOWER,Mar 2018,-0.08,11.1,11.18,Difference > 5%
TATAPOWER,Mar 2019,1.01,11.1,10.09,Difference > 5%
TATAPOWER,Mar 2020,5.83,11.1,5.27,Difference > 5%
TATAPOWER,Mar 2021,6.05,11.1,5.05,Difference > 5%
TATAPOWER,Mar 2022,5.31,11.1,5.79,Difference > 5%
TATAPOWER,Mar 2023,5.25,11.1,5.85,Difference > 5%
TATAPOWER,Mar 2024,8.08,11.1,3.0199999999999996,
TATASTEEL,Mar 2013,-1.57,7.02,8.59,Difference > 5%
TATASTEEL,Mar 2014,8.47,7.02,1.450000000000001,
TATASTEEL,Mar 2015,-2.26,7.02,9.28,Difference > 5%
TATASTEEL,Mar 2016,-4.72,7.02,11.739999999999998,Difference > 5%
TATASTEEL,Mar 2017,6.18,7.02,0.8399999999999999,
TATASTEEL,Mar 2018,10.25,7.02,3.2300000000000004,
TATASTEEL,Mar 2019,12.95,7.02,5.93,Difference > 5%
TATASTEEL,Mar 2020,4.75,7.02,2.2699999999999996,
TATASTEEL,Mar 2021,13.07,7.02,6.050000000000001,Difference > 5%
TATASTEEL,Mar 2022,28.63,7.02,21.61,Difference > 5%
TATASTEEL,Mar 2023,12.22,7.02,5.200000000000001,Difference > 5%
TATASTEEL,Mar 2024,6.9,7.02,0.11999999999999922,
TCS,Mar 2013,43.62,64.3,20.68,Difference > 5%
TCS,Mar 2014,48.1,64.3,16.199999999999996,Difference > 5%
TCS,Mar 2015,44.48,64.3,19.82,Difference > 5%
TCS,Mar 2016,40.37,64.3,23.93,Difference > 5%
TCS,Mar 2017,35.06,64.3,29.239999999999995,Difference > 5%
TCS,Mar 2018,35.73,64.3,28.57,Difference > 5%
TCS,Mar 2019,41.84,64.3,22.459999999999994,Difference > 5%
TCS,Mar 2020,41.8,64.3,22.5,Difference > 5%
TCS,Mar 2021,45.08,64.3,19.22,Difference > 5%
TCS,Mar 2022,49.97,64.3,14.329999999999998,Difference > 5%
TCS,Mar 2023,55.28,64.3,9.019999999999996,Difference > 5%
TCS,Mar 2024,60.21,64.3,4.089999999999996,
TECHM,Mar 2013,17.95,11.9,6.049999999999999,Difference > 5%
TECHM,Mar 2014,38.24,11.9,26.340000000000003,Difference > 5%
TECHM,Mar 2015,27.66,11.9,15.76,Difference > 5%
TECHM,Mar 2016,22.32,11.9,10.42,Difference > 5%
TECHM,Mar 2017,18.01,11.9,6.110000000000001,Difference > 5%
TECHM,Mar 2018,17.07,11.9,5.17,Difference > 5%
TECHM,Mar 2019,23.08,11.9,11.179999999999998,Difference > 5%
TECHM,Mar 2020,15.92,11.9,4.02,
TECHM,Mar 2021,19.22,11.9,7.3199999999999985,Difference > 5%
TECHM,Mar 2022,22.03,11.9,10.13,Difference > 5%
TECHM,Mar 2023,18.93,11.9,7.029999999999999,Difference > 5%
TECHM,Mar 2024,9.21,11.9,2.6899999999999995,
TITAN,Mar 2013,48.63,22.7,25.930000000000003,Difference > 5%
TITAN,Mar 2014,29.4,22.7,6.699999999999999,Difference > 5%
TITAN,Mar 2015,33.39,22.7,10.690000000000001,Difference > 5%
TITAN,Mar 2016,23.23,22.7,0.5300000000000011,
TITAN,Mar 2017,17.22,22.7,5.48,Difference > 5%
TITAN,Mar 2018,22.31,22.7,0.39000000000000057,
TITAN,Mar 2019,21.64,22.7,1.0599999999999987,
TITAN,Mar 2020,20.67,22.7,2.0299999999999976,
TITAN,Mar 2021,10.28,22.7,12.42,Difference > 5%
TITAN,Mar 2022,17.76,22.7,4.939999999999998,
TITAN,Mar 2023,20.93,22.7,1.7699999999999996,
TITAN,Mar 2024,18.89,22.7,3.8099999999999987,
TORNTPHARM,Mar 2013,29.03,23.2,5.830000000000002,Difference > 5%
TORNTPHARM,Mar 2014,28.6,23.2,5.400000000000002,Difference > 5%
TORNTPHARM,Mar 2015,15.85,23.2,7.35,Difference > 5%
TORNTPHARM,Mar 2016,42.68,23.2,19.48,Difference > 5%
TORNTPHARM,Mar 2017,15.6,23.2,7.6,Difference > 5%
TORNTPHARM,Mar 2018,8.48,23.2,14.719999999999999,Difference > 5%
TORNTPHARM,Mar 2019,12.68,23.2,10.52,Difference > 5%
TORNTPHARM,Mar 2020,14.29,23.2,8.91,Difference > 5%
TORNTPHARM,Mar 2021,17.01,23.2,6.189999999999998,Difference > 5%
TORNTPHARM,Mar 2022,17.65,23.2,5.550000000000001,Difference > 5%
TORNTPHARM,Mar 2023,18.46,23.2,4.739999999999998,
TORNTPHARM,Mar 2024,23.53,23.2,0.33000000000000185,
TRENT,Mar 2013,-2.54,23.8,26.34,Difference > 5%
TRENT,Mar 2014,-4.84,23.8,28.64,Difference > 5%
TRENT,Mar 2015,0.77,23.8,23.03,Difference > 5%
TRENT,Mar 2016,2.74,23.8,21.060000000000002,Difference > 5%
TRENT,Mar 2017,4.8,23.8,19.0,Difference > 5%
TRENT,Mar 2018,8.16,23.8,15.64,Difference > 5%
TRENT,Mar 2019,8.83,23.8,14.97,Difference > 5%
TRENT,Mar 2020,10.49,23.8,13.31,Difference > 5%
TRENT,Mar 2021,-5.47,23.8,29.27,Difference > 5%
TRENT,Mar 2022,4.01,23.8,19.79,Difference > 5%
TRENT,Mar 2023,8.78,23.8,15.020000000000001,Difference > 5%
TRENT,Mar 2024,22.33,23.8,1.4700000000000024,
TVSMOTOR,Mar 2013,13.32,,,
TVSMOTOR,Mar 2014,18.16,,,
TVSMOTOR,Mar 2015,17.43,,,
TVSMOTOR,Mar 2016,19.14,,,
TVSMOTOR,Mar 2017,15.7,,,
TVSMOTOR,Mar 2018,12.46,,,
TVSMOTOR,Mar 2019,13.8,,,
TVSMOTOR,Mar 2020,11.48,,,
TVSMOTOR,Mar 2021,10.41,,,
TVSMOTOR,Mar 2022,9.95,,,
TVSMOTOR,Mar 2023,11.36,,,
TVSMOTOR,Mar 2024,13.8,,,
ULTRACEMCO,Mar 2013,16.91,,,
ULTRACEMCO,Mar 2014,11.81,,,
ULTRACEMCO,Mar 2015,11.16,,,
ULTRACEMCO,Mar 2016,10.82,,,
ULTRACEMCO,Mar 2017,11.76,,,
ULTRACEMCO,Mar 2018,9.37,,,
ULTRACEMCO,Mar 2019,8.29,,,
ULTRACEMCO,Mar 2020,10.51,,,
ULTRACEMCO,Mar 2021,13.46,,,
ULTRACEMCO,Mar 2022,14.25,,,
ULTRACEMCO,Mar 2023,11.83,,,
ULTRACEMCO,Mar 2024,13.71,,,
UNIONBANK,Mar 2013,0.06,,,
UNIONBANK,Mar 2014,-0.32,,,
UNIONBANK,Mar 2015,-0.32,,,
UNIONBANK,Mar 2016,-0.55,,,
UNIONBANK,Mar 2017,-1.15,,,
UNIONBANK,Mar 2018,-2.51,,,
UNIONBANK,Mar 2019,-1.84,,,
UNIONBANK,Mar 2020,-1.84,,,
UNIONBANK,Mar 2021,-1.15,,,
UNIONBANK,Mar 2022,-0.43,,,
UNIONBANK,Mar 2023,-0.3,,,
UNIONBANK,Mar 2024,0.27,,,
INDIGO,Mar 2013,53649.35,24.5,53624.85,Difference > 5%
INDIGO,Mar 2014,56836.96,24.5,56812.46,Difference > 5%
INDIGO,Mar 2015,38552.63,24.5,38528.13,Difference > 5%
INDIGO,Mar 2016,9076.42,24.5,9051.92,Difference > 5%
INDIGO,Mar 2017,10603.33,24.5,10578.83,Difference > 5%
INDIGO,Mar 2018,12697.4,24.5,12672.9,Difference > 5%
INDIGO,Mar 2019,12851.61,24.5,12827.11,Difference > 5%
INDIGO,Mar 2020,10910.63,24.5,10886.13,Difference > 5%
INDIGO,Mar 2021,1734.55,24.5,1710.05,Difference > 5%
INDIGO,Mar 2022,3067.22,24.5,3042.72,Difference > 5%
INDIGO,Mar 2023,5427.76,24.5,5403.26,Difference > 5%
INDIGO,Mar 2024,4953.54,24.5,4929.04,Difference > 5%
